id,first_name,last_name,email,gender,ip_address
1,Boothe,Lardeur,blardeur0@over-blog.com,Bigender,212.254.11.185
2,Danny,Guiet,dguiet1@ebay.co.uk,Genderfluid,200.86.175.222
3,Yule,Wittey,ywittey2@usgs.gov,Genderqueer,110.105.21.243
4,Keven,Mc Gee,kmcgee3@apache.org,Genderqueer,248.83.8.143
5,Gayelord,Donaghy,gdonaghy4@com.com,Polygender,13.30.216.149
6,Stephan,Ridsdale,sridsdale5@devhub.com,Agender,77.11.181.59
7,Karly,Spawell,kspawell6@discuz.net,Genderqueer,34.161.163.247
8,Guenna,Aldie,galdie7@gov.uk,Genderqueer,228.174.75.140
9,Casey,Bohler,cbohler8@exblog.jp,Genderqueer,100.101.194.60
10,Stan,Lingard,slingard9@soundcloud.com,Bigender,16.96.226.94
11,Jocelyne,Sancias,jsanciasa@comcast.net,Bigender,194.202.53.193
12,Mortimer,Joney,mjoneyb@github.com,Polygender,9.127.233.106
13,Carolina,Acory,cacoryc@posterous.com,Agender,4.214.190.143
14,Glynis,Crosland,gcroslandd@imdb.com,Non-binary,19.119.206.46
15,Ariel,Tansly,atanslye@youtube.com,Genderfluid,208.159.193.253
16,Katerine,Fleg,kflegf@opensource.org,Agender,200.91.39.56
17,Gregorio,Capaldo,gcapaldog@oakley.com,Polygender,242.34.34.18
18,Darda,Allbut,dallbuth@sun.com,Polygender,111.190.211.14
19,Selestina,Tomashov,stomashovi@google.com.br,Agender,166.184.38.46
20,Mickie,Bouldstridge,mbouldstridgej@google.ru,Non-binary,200.61.27.152
21,Lynnea,MacLise,lmaclisek@opera.com,Bigender,5.127.251.30
22,Ailene,Wyse,awysel@intel.com,Male,86.35.213.123
23,Emelda,Linklater,elinklaterm@nih.gov,Agender,82.187.152.131
24,Greer,Burgis,gburgisn@amazon.co.jp,Polygender,232.184.153.24
25,Marylou,Huddles,mhuddleso@tinyurl.com,Bigender,252.130.104.240
26,Antonietta,Nelthorp,anelthorpp@clickbank.net,Male,175.236.106.76
27,Marchelle,Rishman,mrishmanq@smh.com.au,Genderqueer,139.23.154.123
28,Darrel,Seares,dsearesr@wikipedia.org,Agender,232.29.58.62
29,Blondell,Nice,bnices@amazon.de,Female,43.102.134.114
30,Rhodie,Curnick,rcurnickt@mail.ru,Bigender,67.46.60.86
31,Kirstyn,Mackett,kmackettu@berkeley.edu,Genderfluid,252.130.74.60
32,Michal,Bonfield,mbonfieldv@prweb.com,Genderqueer,112.54.192.54
33,Alexandra,Zottoli,azottoliw@wufoo.com,Polygender,104.124.25.50
34,Evan,Smithers,esmithersx@shinystat.com,Agender,76.70.149.69
35,Brigid,Girdwood,bgirdwoody@whitehouse.gov,Non-binary,39.9.217.80
36,Bunnie,McRavey,bmcraveyz@ebay.co.uk,Genderqueer,242.131.87.236
37,Lanie,Enion,lenion10@senate.gov,Male,124.189.140.225
38,Marylinda,Tewkesberry,mtewkesberry11@1und1.de,Genderfluid,80.133.25.32
39,Tim,Pether,tpether12@nhs.uk,Agender,91.164.147.187
40,Guglielmo,Bernadot,gbernadot13@wikispaces.com,Genderqueer,103.92.131.237
41,Lucille,Coneron,lconeron14@vk.com,Genderfluid,185.3.84.49
42,Mady,Randal,mrandal15@vinaora.com,Bigender,190.67.144.117
43,Huntington,McLae,hmclae16@salon.com,Female,247.115.31.57
44,Kasper,Fairlie,kfairlie17@google.co.uk,Non-binary,47.221.252.66
45,Allard,Doolan,adoolan18@toplist.cz,Female,185.23.142.148
46,Iosep,Haggerston,ihaggerston19@psu.edu,Female,69.195.127.226
47,Celisse,Curless,ccurless1a@icio.us,Female,92.47.24.131
48,Corinne,Polden,cpolden1b@webeden.co.uk,Genderqueer,83.97.103.40
49,Karisa,Popov,kpopov1c@slate.com,Agender,166.143.37.149
50,Donal,Sirkett,dsirkett1d@hubpages.com,Genderqueer,173.249.163.208
